{"val_3 & agent": {"mAP": 25.989333122968674, "APs": [23.47227668762207, 52.105045318603516, 31.738222122192383, 36.01364517211914, 32.543575286865234, 25.746171951293945, 41.89115524291992, 0.0, 15.803523063659668, 0.5797163844108582], "mR": 