{"val_3 & agent_ness": {"mAP": 56.15115737915039, "APs": [56.15115737915039]}, "val_3 & agent": {"mAP": 31.10617072507739, "APs": [40.974552154541016, 69.83533477783203, 45.65787887573242, 18.72471809387207, 15.251262664794922, 15.776656150817871, 40.19684982299805, 0.08349203318357468, 50.419151306152344, 14.14181137084961]}, "val_3 & action": {"mAP": 22.032838680242236, "APs": [43.82439422607422, 35.10363006591797, 36.467716217041016, 40.300323486328125, 45.0603141784668, 2.4689741134643555, 49.037742614746094, 39.3349723815918, 11.511503219604492, 1.4982850551605225, 11.223062515258789, 6.5561065673828125, 10.953635215759277, 0.9766086935997009, 7.690963268280029, 37.69121551513672, 25.6686954498291, 2.1498570442199707, 11.105935096740723]}, "val_3 & loc": {"mAP": 27.20560801277558, "APs": [53.74104309082031, 24.780420303344727, 35.0430793762207, 59.5079345703125, 38.44133758544922, 3.830275058746338, 37.872928619384766, 31.27838706970215, 26.624488830566406, 15.076008796691895, 0.2713928520679474, 0.0]}, "val_3 & duplex": {"mAP": 23.72178111705356, "APs": [23.708799362182617, 44.573123931884766, 5.735818862915039, 0.17943422496318817, 53.7442741394043, 18.599573135375977, 2.0169994831085205, 61.34973907470703, 67.78145599365234, 50.86368179321289, 9.777361869812012, 12.539480209350586, 55.61533737182617, 48.772369384765625, 37.39577102661133, 37.17412185668945, 38.31708908081055, 0.005092361010611057, 2.5903913974761963, 17.213769912719727, 10.832242012023926, 0.4941737651824951, 43.44571304321289, 3.543327808380127, 0.09155739098787308, 0.5414613485336304, 4.552928924560547, 3.0455210208892822, 25.059791564941406, 29.128992080688477, 11.114665031433105, 9.685588836669922, 7.895314693450928, 2.937215805053711, 25.73595428466797, 19.07470703125, 35.68385696411133, 45.09144973754883, 59.24131774902344]}, "val_3 & triplet": {"mAP": 13.913396264878376, "APs": [45.02734375, 6.020092487335205, 3.3732385635375977, 4.910991191864014, 0.2082013487815857, 42.53227233886719, 57.425437927246094, 15.317745208740234, 5.865874290466309, 8.595382690429688, 0.775236964225769, 22.111268997192383, 6.829565048217773, 58.049957275390625, 67.70128631591797, 7.167750358581543, 45.64938735961914, 21.321191787719727, 57.485015869140625, 9.547198295593262, 5.102053165435791, 0.2664632499217987, 6.56721830368042, 55.56945037841797, 0.10157283395528793, 0.2442326843738556, 37.64750671386719, 7.307583808898926, 23.46637725830078, 42.74578094482422, 10.316015243530273, 5.931267261505127, 17.288742065429688, 0.7362708449363708, 5.969934940338135, 2.8586132526397705, 0.007047160528600216, 1.3508455753326416, 42.96000671386719, 0.3522211015224457, 18.125507354736328, 0.0, 0.0673842802643776, 3.7390482425689697, 24.282516479492188, 0.18062610924243927, 10.01717758178711, 0.3076578378677368, 29.334453582763672, 29.771522521972656, 0.3190516233444214, 5.507784843444824, 0.07012098282575607, 0.39964690804481506, 11.71273422241211, 0.04183412343263626, 3.35325288772583, 6.3096113204956055, 12.323594093322754, 2.6774678230285645, 0.0, 1.0597901344299316, 23.695507049560547, 9.797638893127441, 0.23958700895309448, 0.014135206118226051, 0.0, 0.059653330594301224]}, "val_3 & av_actions": {"mAP": 44.75710948954151, "APs": [95.43619337859384, 97.78375453238178, 44.322296372734, 73.12658042861356, 0.7912699899899712, 0.6372258106238654, 1.2024459138535202]}}